-- Client_Personal Table Inserts
INSERT INTO postal_delivery_system_opdb.Client_Personal VALUES ('P00001', '51014', '7852 Park Circle, Philadelphia, PA 51014');
INSERT INTO postal_delivery_system_opdb.Client_Personal VALUES ('P00002', '49161', '7530 Park Way, Dallas, TX 49161');
INSERT INTO postal_delivery_system_opdb.Client_Personal VALUES ('P00003', '48088', '6206 Main Way, San Antonio, TX 48088');
INSERT INTO postal_delivery_system_opdb.Client_Personal VALUES ('P00004', '38657', '3599 Maple Road, Philadelphia, PA 38657');
INSERT INTO postal_delivery_system_opdb.Client_Personal VALUES ('P00005', '94572', '4984 Maple Lane, Los Angeles, CA 94572');
INSERT INTO postal_delivery_system_opdb.Client_Personal VALUES ('P00006', '19203', '7670 Maple Road, San Antonio, TX 19203');
INSERT INTO postal_delivery_system_opdb.Client_Personal VALUES ('P00007', '64512', '6248 Pine Boulevard, Dallas, TX 64512');
INSERT INTO postal_delivery_system_opdb.Client_Personal VALUES ('P00008', '67185', '247 Oak Way, Miami, FL 67185');
INSERT INTO postal_delivery_system_opdb.Client_Personal VALUES ('P00009', '38143', '4713 Lake Circle, San Diego, CA 38143');
INSERT INTO postal_delivery_system_opdb.Client_Personal VALUES ('P00010', '26074', '159 Washington Plaza, Dallas, TX 26074');
INSERT INTO postal_delivery_system_opdb.Client_Personal VALUES ('P00011', '62335', '9228 Park Avenue, San Diego, CA 62335');
INSERT INTO postal_delivery_system_opdb.Client_Personal VALUES ('P00012', '94679', '3210 Oak Court, Dallas, TX 94679');
INSERT INTO postal_delivery_system_opdb.Client_Personal VALUES ('P00013', '84836', '8531 Cedar Boulevard, Los Angeles, CA 84836');
INSERT INTO postal_delivery_system_opdb.Client_Personal VALUES ('P00014', '50125', '3133 Main Avenue, Dallas, TX 50125');
INSERT INTO postal_delivery_system_opdb.Client_Personal VALUES ('P00015', '74587', '8265 Maple Drive, Miami, FL 74587');
INSERT INTO postal_delivery_system_opdb.Client_Personal VALUES ('P00016', '54110', '4206 Washington Way, Miami, FL 54110');
INSERT INTO postal_delivery_system_opdb.Client_Personal VALUES ('P00017', '38474', '6826 Washington Court, Dallas, TX 38474');
INSERT INTO postal_delivery_system_opdb.Client_Personal VALUES ('P00018', '98448', '4835 Cedar Boulevard, San Antonio, TX 98448');
INSERT INTO postal_delivery_system_opdb.Client_Personal VALUES ('P00019', '59859', '4937 Main Road, Houston, TX 59859');
INSERT INTO postal_delivery_system_opdb.Client_Personal VALUES ('P00020', '39933', '8985 Cedar Road, Phoenix, AZ 39933');
INSERT INTO postal_delivery_system_opdb.Client_Personal VALUES ('P00021', '90106', '1121 Cedar Plaza, Phoenix, AZ 90106');
INSERT INTO postal_delivery_system_opdb.Client_Personal VALUES ('P00022', '46328', '2959 Oak Way, Chicago, IL 46328');
INSERT INTO postal_delivery_system_opdb.Client_Personal VALUES ('P00023', '11628', '737 Lake Street, New York, NY 11628');
INSERT INTO postal_delivery_system_opdb.Client_Personal VALUES ('P00024', '88147', '1855 Lake Road, Houston, TX 88147');
INSERT INTO postal_delivery_system_opdb.Client_Personal VALUES ('P00025', '63216', '721 Maple Road, Dallas, TX 63216');
INSERT INTO postal_delivery_system_opdb.Client_Personal VALUES ('P00026', '84243', '2077 Maple Way, San Diego, CA 84243');
INSERT INTO postal_delivery_system_opdb.Client_Personal VALUES ('P00027', '92298', '4947 Main Way, Houston, TX 92298');
INSERT INTO postal_delivery_system_opdb.Client_Personal VALUES ('P00028', '96546', '5058 Washington Boulevard, San Diego, CA 96546');
INSERT INTO postal_delivery_system_opdb.Client_Personal VALUES ('P00029', '68348', '9857 Lake Lane, New York, NY 68348');
INSERT INTO postal_delivery_system_opdb.Client_Personal VALUES ('P00030', '51201', '1958 Park Court, Phoenix, AZ 51201');
INSERT INTO postal_delivery_system_opdb.Client_Personal VALUES ('P00031', '54860', '7745 Lake Court, San Antonio, TX 54860');
INSERT INTO postal_delivery_system_opdb.Client_Personal VALUES ('P00032', '95304', '1244 Maple Court, Los Angeles, CA 95304');
INSERT INTO postal_delivery_system_opdb.Client_Personal VALUES ('P00033', '29344', '9577 Cedar Drive, Philadelphia, PA 29344');
INSERT INTO postal_delivery_system_opdb.Client_Personal VALUES ('P00034', '21078', '9647 Lake Road, San Antonio, TX 21078');
INSERT INTO postal_delivery_system_opdb.Client_Personal VALUES ('P00035', '51470', '7437 Lake Road, Houston, TX 51470');
INSERT INTO postal_delivery_system_opdb.Client_Personal VALUES ('P00036', '63099', '5272 Oak Street, San Diego, CA 63099');
INSERT INTO postal_delivery_system_opdb.Client_Personal VALUES ('P00037', '52846', '8196 Maple Drive, Los Angeles, CA 52846');
INSERT INTO postal_delivery_system_opdb.Client_Personal VALUES ('P00038', '23437', '7732 Oak Street, Philadelphia, PA 23437');
INSERT INTO postal_delivery_system_opdb.Client_Personal VALUES ('P00039', '64007', '5508 Park Boulevard, New York, NY 64007');
INSERT INTO postal_delivery_system_opdb.Client_Personal VALUES ('P00040', '87164', '2201 Washington Circle, Chicago, IL 87164');
INSERT INTO postal_delivery_system_opdb.Client_Personal VALUES ('P00041', '53694', '3306 Park Lane, Phoenix, AZ 53694');
INSERT INTO postal_delivery_system_opdb.Client_Personal VALUES ('P00042', '49537', '2496 Pine Way, Dallas, TX 49537');
INSERT INTO postal_delivery_system_opdb.Client_Personal VALUES ('P00043', '90913', '1931 Pine Court, Houston, TX 90913');
INSERT INTO postal_delivery_system_opdb.Client_Personal VALUES ('P00044', '91621', '995 Park Avenue, Los Angeles, CA 91621');
INSERT INTO postal_delivery_system_opdb.Client_Personal VALUES ('P00045', '86593', '1553 Maple Road, Los Angeles, CA 86593');
INSERT INTO postal_delivery_system_opdb.Client_Personal VALUES ('P00046', '84325', '3267 Park Boulevard, Los Angeles, CA 84325');
INSERT INTO postal_delivery_system_opdb.Client_Personal VALUES ('P00047', '92866', '4526 Main Plaza, Miami, FL 92866');
INSERT INTO postal_delivery_system_opdb.Client_Personal VALUES ('P00048', '52128', '9564 Oak Boulevard, Houston, TX 52128');
INSERT INTO postal_delivery_system_opdb.Client_Personal VALUES ('P00049', '33357', '2191 Washington Plaza, Miami, FL 33357');
INSERT INTO postal_delivery_system_opdb.Client_Personal VALUES ('P00050', '27412', '1902 Maple Court, Philadelphia, PA 27412');
INSERT INTO postal_delivery_system_opdb.Client_Personal VALUES ('P00051', '15829', '4971 Pine Court, Miami, FL 15829');
INSERT INTO postal_delivery_system_opdb.Client_Personal VALUES ('P00052', '32637', '8156 Lake Lane, Los Angeles, CA 32637');
INSERT INTO postal_delivery_system_opdb.Client_Personal VALUES ('P00053', '33242', '8627 Oak Drive, Los Angeles, CA 33242');
INSERT INTO postal_delivery_system_opdb.Client_Personal VALUES ('P00054', '96128', '8648 Lake Street, San Diego, CA 96128');
INSERT INTO postal_delivery_system_opdb.Client_Personal VALUES ('P00055', '13814', '2286 Lake Road, Los Angeles, CA 13814');
INSERT INTO postal_delivery_system_opdb.Client_Personal VALUES ('P00056', '71922', '3874 Lake Way, Miami, FL 71922');
INSERT INTO postal_delivery_system_opdb.Client_Personal VALUES ('P00057', '53318', '2880 Main Lane, Chicago, IL 53318');
INSERT INTO postal_delivery_system_opdb.Client_Personal VALUES ('P00058', '44205', '3376 Cedar Street, San Diego, CA 44205');
INSERT INTO postal_delivery_system_opdb.Client_Personal VALUES ('P00059', '15540', '490 Pine Plaza, Houston, TX 15540');
INSERT INTO postal_delivery_system_opdb.Client_Personal VALUES ('P00060', '30743', '6399 Oak Court, Philadelphia, PA 30743');
INSERT INTO postal_delivery_system_opdb.Client_Personal VALUES ('P00061', '74168', '3285 Maple Circle, Miami, FL 74168');
INSERT INTO postal_delivery_system_opdb.Client_Personal VALUES ('P00062', '44163', '7566 Cedar Plaza, San Diego, CA 44163');
INSERT INTO postal_delivery_system_opdb.Client_Personal VALUES ('P00063', '71732', '5967 Washington Boulevard, Phoenix, AZ 71732');
INSERT INTO postal_delivery_system_opdb.Client_Personal VALUES ('P00064', '61512', '5868 Main Way, Phoenix, AZ 61512');
INSERT INTO postal_delivery_system_opdb.Client_Personal VALUES ('P00065', '52063', '2891 Oak Court, Los Angeles, CA 52063');
INSERT INTO postal_delivery_system_opdb.Client_Personal VALUES ('P00066', '70445', '8041 Cedar Drive, Miami, FL 70445');
INSERT INTO postal_delivery_system_opdb.Client_Personal VALUES ('P00067', '67161', '235 Maple Boulevard, Houston, TX 67161');
INSERT INTO postal_delivery_system_opdb.Client_Personal VALUES ('P00068', '34796', '2488 Park Court, Dallas, TX 34796');
INSERT INTO postal_delivery_system_opdb.Client_Personal VALUES ('P00069', '84947', '6228 Oak Street, Philadelphia, PA 84947');
INSERT INTO postal_delivery_system_opdb.Client_Personal VALUES ('P00070', '81908', '6833 Maple Way, Miami, FL 81908');
INSERT INTO postal_delivery_system_opdb.Client_Personal VALUES ('P00071', '62936', '6153 Lake Way, San Antonio, TX 62936');
INSERT INTO postal_delivery_system_opdb.Client_Personal VALUES ('P00072', '79246', '8631 Maple Court, San Diego, CA 79246');
INSERT INTO postal_delivery_system_opdb.Client_Personal VALUES ('P00073', '95723', '7066 Lake Avenue, Chicago, IL 95723');
INSERT INTO postal_delivery_system_opdb.Client_Personal VALUES ('P00074', '37343', '8720 Pine Plaza, Phoenix, AZ 37343');
INSERT INTO postal_delivery_system_opdb.Client_Personal VALUES ('P00075', '55163', '3800 Main Way, Los Angeles, CA 55163');
INSERT INTO postal_delivery_system_opdb.Client_Personal VALUES ('P00076', '71614', '6036 Oak Circle, San Diego, CA 71614');
INSERT INTO postal_delivery_system_opdb.Client_Personal VALUES ('P00077', '64571', '7292 Pine Circle, Chicago, IL 64571');
INSERT INTO postal_delivery_system_opdb.Client_Personal VALUES ('P00078', '57322', '5626 Cedar Court, New York, NY 57322');
INSERT INTO postal_delivery_system_opdb.Client_Personal VALUES ('P00079', '19974', '8815 Cedar Drive, Phoenix, AZ 19974');
INSERT INTO postal_delivery_system_opdb.Client_Personal VALUES ('P00080', '30881', '5608 Pine Street, Dallas, TX 30881');
INSERT INTO postal_delivery_system_opdb.Client_Personal VALUES ('P00081', '70552', '2066 Main Circle, Philadelphia, PA 70552');
INSERT INTO postal_delivery_system_opdb.Client_Personal VALUES ('P00082', '72779', '2674 Washington Court, Houston, TX 72779');
INSERT INTO postal_delivery_system_opdb.Client_Personal VALUES ('P00083', '49023', '2305 Washington Court, San Diego, CA 49023');
INSERT INTO postal_delivery_system_opdb.Client_Personal VALUES ('P00084', '58957', '4251 Pine Drive, Los Angeles, CA 58957');
INSERT INTO postal_delivery_system_opdb.Client_Personal VALUES ('P00085', '90214', '8520 Pine Circle, New York, NY 90214');
INSERT INTO postal_delivery_system_opdb.Client_Personal VALUES ('P00086', '24709', '6110 Pine Lane, San Antonio, TX 24709');
INSERT INTO postal_delivery_system_opdb.Client_Personal VALUES ('P00087', '75156', '1572 Park Way, San Antonio, TX 75156');
INSERT INTO postal_delivery_system_opdb.Client_Personal VALUES ('P00088', '46625', '5534 Lake Way, Houston, TX 46625');
INSERT INTO postal_delivery_system_opdb.Client_Personal VALUES ('P00089', '24956', '9352 Park Circle, Miami, FL 24956');
INSERT INTO postal_delivery_system_opdb.Client_Personal VALUES ('P00090', '34811', '4747 Pine Drive, Houston, TX 34811');
INSERT INTO postal_delivery_system_opdb.Client_Personal VALUES ('P00091', '75508', '3796 Cedar Drive, Dallas, TX 75508');
INSERT INTO postal_delivery_system_opdb.Client_Personal VALUES ('P00092', '61314', '1169 Lake Drive, Chicago, IL 61314');
INSERT INTO postal_delivery_system_opdb.Client_Personal VALUES ('P00093', '81167', '5781 Main Way, Miami, FL 81167');
INSERT INTO postal_delivery_system_opdb.Client_Personal VALUES ('P00094', '93418', '9344 Pine Avenue, Chicago, IL 93418');
INSERT INTO postal_delivery_system_opdb.Client_Personal VALUES ('P00095', '10765', '3095 Washington Court, Los Angeles, CA 10765');
INSERT INTO postal_delivery_system_opdb.Client_Personal VALUES ('P00096', '47959', '9455 Main Way, Dallas, TX 47959');
INSERT INTO postal_delivery_system_opdb.Client_Personal VALUES ('P00097', '17281', '3942 Lake Boulevard, New York, NY 17281');
INSERT INTO postal_delivery_system_opdb.Client_Personal VALUES ('P00098', '19792', '5781 Maple Boulevard, Dallas, TX 19792');
INSERT INTO postal_delivery_system_opdb.Client_Personal VALUES ('P00099', '47985', '2707 Park Drive, Houston, TX 47985');
INSERT INTO postal_delivery_system_opdb.Client_Personal VALUES ('P00100', '27825', '1337 Maple Drive, San Diego, CA 27825');
INSERT INTO postal_delivery_system_opdb.Client_Personal VALUES ('P00101', '89476', '1232 Pine Plaza, Phoenix, AZ 89476');
INSERT INTO postal_delivery_system_opdb.Client_Personal VALUES ('P00102', '80747', '3800 Lake Drive, Dallas, TX 80747');
INSERT INTO postal_delivery_system_opdb.Client_Personal VALUES ('P00103', '65284', '891 Cedar Road, Los Angeles, CA 65284');
INSERT INTO postal_delivery_system_opdb.Client_Personal VALUES ('P00104', '71098', '9259 Oak Plaza, Houston, TX 71098');
INSERT INTO postal_delivery_system_opdb.Client_Personal VALUES ('P00105', '48785', '4948 Main Court, Phoenix, AZ 48785');
INSERT INTO postal_delivery_system_opdb.Client_Personal VALUES ('P00106', '26014', '2011 Pine Plaza, San Antonio, TX 26014');
INSERT INTO postal_delivery_system_opdb.Client_Personal VALUES ('P00107', '24208', '3065 Lake Way, Dallas, TX 24208');
INSERT INTO postal_delivery_system_opdb.Client_Personal VALUES ('P00108', '63901', '3722 Cedar Drive, Houston, TX 63901');
INSERT INTO postal_delivery_system_opdb.Client_Personal VALUES ('P00109', '62296', '6272 Maple Lane, Los Angeles, CA 62296');
INSERT INTO postal_delivery_system_opdb.Client_Personal VALUES ('P00110', '60978', '8396 Cedar Boulevard, Philadelphia, PA 60978');
INSERT INTO postal_delivery_system_opdb.Client_Personal VALUES ('P00111', '50419', '8957 Maple Lane, San Antonio, TX 50419');
INSERT INTO postal_delivery_system_opdb.Client_Personal VALUES ('P00112', '96242', '6696 Washington Street, San Diego, CA 96242');
INSERT INTO postal_delivery_system_opdb.Client_Personal VALUES ('P00113', '60252', '1790 Pine Plaza, New York, NY 60252');
INSERT INTO postal_delivery_system_opdb.Client_Personal VALUES ('P00114', '30964', '2189 Pine Court, Houston, TX 30964');
INSERT INTO postal_delivery_system_opdb.Client_Personal VALUES ('P00115', '67540', '5313 Park Drive, Philadelphia, PA 67540');
INSERT INTO postal_delivery_system_opdb.Client_Personal VALUES ('P00116', '34839', '1921 Lake Street, Phoenix, AZ 34839');
INSERT INTO postal_delivery_system_opdb.Client_Personal VALUES ('P00117', '93673', '1806 Oak Boulevard, Philadelphia, PA 93673');
INSERT INTO postal_delivery_system_opdb.Client_Personal VALUES ('P00118', '85768', '5167 Cedar Lane, Houston, TX 85768');
INSERT INTO postal_delivery_system_opdb.Client_Personal VALUES ('P00119', '29694', '7953 Maple Way, New York, NY 29694');
INSERT INTO postal_delivery_system_opdb.Client_Personal VALUES ('P00120', '51359', '3083 Cedar Circle, Los Angeles, CA 51359');

-- Client_Store Table Inserts
INSERT INTO postal_delivery_system_opdb.Client_Store VALUES ('S00001', '10024', false);
INSERT INTO postal_delivery_system_opdb.Client_Store VALUES ('S00002', '46090', false);
INSERT INTO postal_delivery_system_opdb.Client_Store VALUES ('S00003', '56425', false);
INSERT INTO postal_delivery_system_opdb.Client_Store VALUES ('S00004', '49585', false);
INSERT INTO postal_delivery_system_opdb.Client_Store VALUES ('S00005', '69226', false);
INSERT INTO postal_delivery_system_opdb.Client_Store VALUES ('S00006', '99666', false);
INSERT INTO postal_delivery_system_opdb.Client_Store VALUES ('S00007', '30064', false);
INSERT INTO postal_delivery_system_opdb.Client_Store VALUES ('S00008', '51729', false);
INSERT INTO postal_delivery_system_opdb.Client_Store VALUES ('S00009', '76819', true);
INSERT INTO postal_delivery_system_opdb.Client_Store VALUES ('S00010', '47460', true);
INSERT INTO postal_delivery_system_opdb.Client_Store VALUES ('S00011', '14762', false);
INSERT INTO postal_delivery_system_opdb.Client_Store VALUES ('S00012', '35039', false);
INSERT INTO postal_delivery_system_opdb.Client_Store VALUES ('S00013', '48834', false);
INSERT INTO postal_delivery_system_opdb.Client_Store VALUES ('S00014', '58394', false);
INSERT INTO postal_delivery_system_opdb.Client_Store VALUES ('S00015', '65981', false);
INSERT INTO postal_delivery_system_opdb.Client_Store VALUES ('S00016', '52762', false);
INSERT INTO postal_delivery_system_opdb.Client_Store VALUES ('S00017', '80463', false);
INSERT INTO postal_delivery_system_opdb.Client_Store VALUES ('S00018', '66569', false);
INSERT INTO postal_delivery_system_opdb.Client_Store VALUES ('S00019', '84199', false);
INSERT INTO postal_delivery_system_opdb.Client_Store VALUES ('S00020', '25311', true);
INSERT INTO postal_delivery_system_opdb.Client_Store VALUES ('S00021', '57789', false);
INSERT INTO postal_delivery_system_opdb.Client_Store VALUES ('S00022', '71393', false);
INSERT INTO postal_delivery_system_opdb.Client_Store VALUES ('S00023', '37857', false);
INSERT INTO postal_delivery_system_opdb.Client_Store VALUES ('S00024', '77123', true);
INSERT INTO postal_delivery_system_opdb.Client_Store VALUES ('S00025', '26170', false);
INSERT INTO postal_delivery_system_opdb.Client_Store VALUES ('S00026', '26001', false);
INSERT INTO postal_delivery_system_opdb.Client_Store VALUES ('S00027', '65329', false);
INSERT INTO postal_delivery_system_opdb.Client_Store VALUES ('S00028', '91025', false);
INSERT INTO postal_delivery_system_opdb.Client_Store VALUES ('S00029', '59247', true);
INSERT INTO postal_delivery_system_opdb.Client_Store VALUES ('S00030', '72199', false);
INSERT INTO postal_delivery_system_opdb.Client_Store VALUES ('S00031', '34617', false);
INSERT INTO postal_delivery_system_opdb.Client_Store VALUES ('S00032', '78150', false);
INSERT INTO postal_delivery_system_opdb.Client_Store VALUES ('S00033', '89943', false);
INSERT INTO postal_delivery_system_opdb.Client_Store VALUES ('S00034', '90609', false);
INSERT INTO postal_delivery_system_opdb.Client_Store VALUES ('S00035', '59311', false);
INSERT INTO postal_delivery_system_opdb.Client_Store VALUES ('S00036', '35381', true);
INSERT INTO postal_delivery_system_opdb.Client_Store VALUES ('S00037', '17516', true);
INSERT INTO postal_delivery_system_opdb.Client_Store VALUES ('S00038', '58832', true);
INSERT INTO postal_delivery_system_opdb.Client_Store VALUES ('S00039', '82753', false);
INSERT INTO postal_delivery_system_opdb.Client_Store VALUES ('S00040', '66192', false);
INSERT INTO postal_delivery_system_opdb.Client_Store VALUES ('S00041', '15485', false);
INSERT INTO postal_delivery_system_opdb.Client_Store VALUES ('S00042', '80967', false);
INSERT INTO postal_delivery_system_opdb.Client_Store VALUES ('S00043', '62020', false);
INSERT INTO postal_delivery_system_opdb.Client_Store VALUES ('S00044', '32457', true);
INSERT INTO postal_delivery_system_opdb.Client_Store VALUES ('S00045', '63860', true);
INSERT INTO postal_delivery_system_opdb.Client_Store VALUES ('S00046', '35126', false);
INSERT INTO postal_delivery_system_opdb.Client_Store VALUES ('S00047', '37739', true);
INSERT INTO postal_delivery_system_opdb.Client_Store VALUES ('S00048', '31410', false);
INSERT INTO postal_delivery_system_opdb.Client_Store VALUES ('S00049', '66575', false);
INSERT INTO postal_delivery_system_opdb.Client_Store VALUES ('S00050', '50366', false);
INSERT INTO postal_delivery_system_opdb.Client_Store VALUES ('S00051', '49579', true);
INSERT INTO postal_delivery_system_opdb.Client_Store VALUES ('S00052', '45971', false);
INSERT INTO postal_delivery_system_opdb.Client_Store VALUES ('S00053', '84609', false);
INSERT INTO postal_delivery_system_opdb.Client_Store VALUES ('S00054', '35164', true);
INSERT INTO postal_delivery_system_opdb.Client_Store VALUES ('S00055', '31756', false);
INSERT INTO postal_delivery_system_opdb.Client_Store VALUES ('S00056', '32776', false);
INSERT INTO postal_delivery_system_opdb.Client_Store VALUES ('S00057', '10372', false);
INSERT INTO postal_delivery_system_opdb.Client_Store VALUES ('S00058', '75866', false);
INSERT INTO postal_delivery_system_opdb.Client_Store VALUES ('S00059', '19256', false);
INSERT INTO postal_delivery_system_opdb.Client_Store VALUES ('S00060', '52437', false);
INSERT INTO postal_delivery_system_opdb.Client_Store VALUES ('S00061', '65534', false);
INSERT INTO postal_delivery_system_opdb.Client_Store VALUES ('S00062', '41301', false);
INSERT INTO postal_delivery_system_opdb.Client_Store VALUES ('S00063', '32283', false);
INSERT INTO postal_delivery_system_opdb.Client_Store VALUES ('S00064', '27797', true);
INSERT INTO postal_delivery_system_opdb.Client_Store VALUES ('S00065', '86557', false);
INSERT INTO postal_delivery_system_opdb.Client_Store VALUES ('S00066', '85213', false);
INSERT INTO postal_delivery_system_opdb.Client_Store VALUES ('S00067', '36579', false);
INSERT INTO postal_delivery_system_opdb.Client_Store VALUES ('S00068', '40733', false);
INSERT INTO postal_delivery_system_opdb.Client_Store VALUES ('S00069', '92865', true);
INSERT INTO postal_delivery_system_opdb.Client_Store VALUES ('S00070', '53779', false);
INSERT INTO postal_delivery_system_opdb.Client_Store VALUES ('S00071', '33769', false);
INSERT INTO postal_delivery_system_opdb.Client_Store VALUES ('S00072', '61462', true);
INSERT INTO postal_delivery_system_opdb.Client_Store VALUES ('S00073', '17018', true);
INSERT INTO postal_delivery_system_opdb.Client_Store VALUES ('S00074', '25980', true);
INSERT INTO postal_delivery_system_opdb.Client_Store VALUES ('S00075', '70661', false);
INSERT INTO postal_delivery_system_opdb.Client_Store VALUES ('S00076', '51152', false);
INSERT INTO postal_delivery_system_opdb.Client_Store VALUES ('S00077', '68669', false);
INSERT INTO postal_delivery_system_opdb.Client_Store VALUES ('S00078', '63409', false);
INSERT INTO postal_delivery_system_opdb.Client_Store VALUES ('S00079', '36189', false);
INSERT INTO postal_delivery_system_opdb.Client_Store VALUES ('S00080', '14597', false);






-- Client_StoreWarehouse Table Inserts
INSERT INTO postal_delivery_system_opdb.Client_StoreWarehouse VALUES (
            'S00009', 
            '76819', 
            'WH00009',
            3402,
            41,
            'SUP00009',
            'Supervisor Star Office Supplies',
            '3525 Industrial Park',
            '39124'
        );
INSERT INTO postal_delivery_system_opdb.Client_StoreWarehouse VALUES (
            'S00010', 
            '47460', 
            'WH00010',
            6110,
            37,
            'SUP00010',
            'Supervisor Premium Hardware',
            '4235 Warehouse Park',
            '25641'
        );
INSERT INTO postal_delivery_system_opdb.Client_StoreWarehouse VALUES (
            'S00020', 
            '25311', 
            'WH00020',
            3469,
            30,
            'SUP00020',
            'Supervisor Metro Furniture',
            '2482 Distribution Park',
            '14356'
        );
INSERT INTO postal_delivery_system_opdb.Client_StoreWarehouse VALUES (
            'S00024', 
            '77123', 
            'WH00024',
            2383,
            50,
            'SUP00024',
            'Supervisor Prime Hardware',
            '8649 Industrial Park',
            '31829'
        );
INSERT INTO postal_delivery_system_opdb.Client_StoreWarehouse VALUES (
            'S00029', 
            '59247', 
            'WH00029',
            1291,
            26,
            'SUP00029',
            'Supervisor Superior Books',
            '9058 Warehouse Park',
            '16663'
        );
INSERT INTO postal_delivery_system_opdb.Client_StoreWarehouse VALUES (
            'S00036', 
            '35381', 
            'WH00036',
            9612,
            30,
            'SUP00036',
            'Supervisor Metro Department Store',
            '5828 Commerce Park',
            '89883'
        );
INSERT INTO postal_delivery_system_opdb.Client_StoreWarehouse VALUES (
            'S00037', 
            '17516', 
            'WH00037',
            4896,
            24,
            'SUP00037',
            'Supervisor Express Sporting Goods',
            '4183 Distribution Park',
            '14580'
        );
INSERT INTO postal_delivery_system_opdb.Client_StoreWarehouse VALUES (
            'S00038', 
            '58832', 
            'WH00038',
            3351,
            47,
            'SUP00038',
            'Supervisor Prime Furniture',
            '4271 Distribution Park',
            '48734'
        );
INSERT INTO postal_delivery_system_opdb.Client_StoreWarehouse VALUES (
            'S00044', 
            '32457', 
            'WH00044',
            4278,
            24,
            'SUP00044',
            'Supervisor Quality Furniture',
            '7269 Commerce Park',
            '49210'
        );
INSERT INTO postal_delivery_system_opdb.Client_StoreWarehouse VALUES (
            'S00045', 
            '63860', 
            'WH00045',
            7887,
            6,
            'SUP00045',
            'Supervisor Quality Home Decor',
            '8624 Commerce Park',
            '39834'
        );
INSERT INTO postal_delivery_system_opdb.Client_StoreWarehouse VALUES (
            'S00047', 
            '37739', 
            'WH00047',
            9979,
            14,
            'SUP00047',
            'Supervisor Premium Supermarket',
            '1021 Warehouse Park',
            '46226'
        );
INSERT INTO postal_delivery_system_opdb.Client_StoreWarehouse VALUES (
            'S00051', 
            '49579', 
            'WH00051',
            6445,
            12,
            'SUP00051',
            'Supervisor Royal Fashion',
            '5551 Distribution Park',
            '13783'
        );
INSERT INTO postal_delivery_system_opdb.Client_StoreWarehouse VALUES (
            'S00054', 
            '35164', 
            'WH00054',
            5785,
            45,
            'SUP00054',
            'Supervisor Quality Sporting Goods',
            '8858 Commerce Park',
            '85833'
        );
INSERT INTO postal_delivery_system_opdb.Client_StoreWarehouse VALUES (
            'S00064', 
            '27797', 
            'WH00064',
            6912,
            29,
            'SUP00064',
            'Supervisor Prime Home Decor',
            '2074 Commerce Park',
            '96980'
        );
INSERT INTO postal_delivery_system_opdb.Client_StoreWarehouse VALUES (
            'S00069', 
            '92865', 
            'WH00069',
            6058,
            28,
            'SUP00069',
            'Supervisor Star Electronics',
            '6739 Distribution Park',
            '68765'
        );
INSERT INTO postal_delivery_system_opdb.Client_StoreWarehouse VALUES (
            'S00072', 
            '61462', 
            'WH00072',
            1717,
            30,
            'SUP00072',
            'Supervisor Superior Office Supplies',
            '6263 Industrial Park',
            '56769'
        );
INSERT INTO postal_delivery_system_opdb.Client_StoreWarehouse VALUES (
            'S00073', 
            '17018', 
            'WH00073',
            9185,
            14,
            'SUP00073',
            'Supervisor Central Furniture',
            '2448 Industrial Park',
            '39305'
        );
INSERT INTO postal_delivery_system_opdb.Client_StoreWarehouse VALUES (
            'S00074', 
            '25980', 
            'WH00074',
            3150,
            24,
            'SUP00074',
            'Supervisor Prime Home Decor',
            '9060 Industrial Park',
            '94457'
        );
